{"obstructions": [], "difficulty": "easy", "rows": 20, "cols": 20, "mirrors": [[1, 5], [4, 19], [0, 3], [1, 3], [12, 16], [2, 8], [19, 1], [16, 1], [11, 19], [2, 1], [1, 8], [3, 18], [3, 11], [7, 1], [8, 14], [17, 1], [1, 2], [3, 12], [4, 16], [13, 12], [2, 19], [12, 13], [1, 1], [1, 18], [13, 3], [8, 2], [2, 5], [4, 1], [8, 3], [13, 15], [13, 2], [14, 1], [4, 13], [0, 18], [17, 2], [12, 2], [11, 11], [3, 19], [17, 19], [2, 13], [2, 2], [16, 2], [13, 17], [13, 16], [7, 18], [15, 19], [7, 8], [4, 14]]}