{"obstructions": [], "difficulty": "easy", "rows": 20, "cols": 20, "mirrors": [[5, 19], [1, 19], [18, 13], [3, 4], [0, 6], [18, 15], [4, 4], [14, 19], [4, 6], [17, 13], [17, 19], [17, 9], [5, 11], [4, 13], [4, 15], [13, 2], [19, 18], [2, 13], [3, 15], [16, 19], [7, 7], [0, 11], [10, 19], [18, 19], [19, 13], [9, 18], [18, 17], [2, 2], [5, 1], [8, 8], [5, 15], [7, 15], [4, 16], [18, 9], [2, 17], [19, 19], [17, 11], [13, 7], [14, 4], [5, 8], [5, 7], [14, 2], [4, 19], [19, 7], [6, 19], [19, 17], [5, 2], [10, 17], [3, 19], [5, 3], [17, 7], [15, 15], [8, 17], [8, 19]]}