{"obstructions": [], "difficulty": "easy", "rows": 50, "cols": 30, "mirrors": [[40, 5], [49, 20], [40, 4], [1, 18], [11, 6], [1, 19], [39, 16], [23, 23], [3, 20], [35, 2], [35, 8], [15, 6], [23, 29], [11, 16], [18, 26], [49, 2], [10, 15], [16, 20], [37, 26], [20, 26], [37, 6], [39, 29], [33, 1], [10, 3], [1, 2], [49, 18], [28, 1], [15, 29], [23, 4], [1, 6], [0, 9], [18, 9], [28, 13], [1, 22], [26, 4], [2, 23], [1, 10], [12, 29], [18, 29], [10, 4], [11, 4], [3, 23], [39, 26], [15, 14], [30, 29], [0, 13], [49, 4], [33, 9], [50, 28], [16, 8], [3, 19], [37, 5], [39, 4], [26, 5], [11, 5], [39, 9], [20, 21], [28, 4], [10, 9], [16, 6], [40, 21]]}